Tiếng Việt,Tiếng BaNa
"Sáng ngày 23.7, Trung tâm giáo dục thường xuyên huyện Vĩnh Thạnh tổ chức Khai giảng lớp đào tạo nghề Trồng và nhân giống nấm năm 2019 cho 70 học viên là đoàn viên thanh niên xã Vĩnh Sơn","Bôgheâ naêr 23/7, Trung taâm GDTX huyeân Vinh Thanh pôlok khai giang lôp pôt ôp ngheâ aên bôngai cham pôlei, Ngheâ pôtaêm oeng pôlok saê adreâch môu sônaêm 2019 aên 70 ñe adruh tôdaêm xaõ Vinh sôn"
"Lớp đào tạo nghề trồng và nhân giống nấm nhằm mục đích trang bị cho người lao động nông thôn tiếp cận được với quy trình kỹ thuật về nghề trồng nấm, có đủ kiến thức vận dụng vào thực tế sản xuất, góp phần tạo việc làm, thu nhập ổn định, duy trì cuộc sống, tăng năng suất lao động, chuyển đổi ngành nghề, thực hiện đúng theo chủ trương chính sách của Đảng và Nhà nước","Lôp pô tôp ngheâ pôtaêm oeng pôlok saê adreâch môu sö tôgum aên ñe adruh tôdaêm cham pôlei oei jeâ ñei adring kô kach pôm, ôi duh tôdrong chaê yuoâ tô möt tôdrong yaêl arih, pôgop tôdrong ôi tôdrong pôm, kjung thu yok along, plih tôdrong pôm, pôm trô tro boi tôdrong ñông Ñang oeng kôpal"
"Được biết, Thời gian của khóa học là 2 tháng, các học viên tham gia lớp học này được hỗ trợ chi phí đào tạo và tiền ăn trong thời gian học nghề theo quy định","Ñei ale, jônang khao hok la 02 khei, rim ñe adruh tôdaêm hok lôp anu ñei tôgum jeân lôm jônang hok ngheâ boi kuy dinh"
"Từ đầu năm đến nay, UBND huyện chỉ đạo các cơ quan chức năng đẩy mạnh công tác chuyển giao tiến bộ khoa học kỹ thuật, hỗ trợ phát triển sản xuất","Ñôêng kôl sônaêm truh ahreêi, UBND huyeân pôgôl rim kô kuan chöêk naêng jôraê deâh tôdrong pôtruh KHKT, tôguêm pôjing choh jang"
"Trong 6 tháng đầu năm 2019, các ngành và các xã, thị trấn tiếp tục triển khai thực hiện xây dựng mô hình cánh đồng mẫu lớn tại các địa phương trên diện tích 261,7 ha, đạt 92,5% kế hoạch","Lôêm 06 kheêi kôl sônaêm 2019, rim nganh oeêng rim xa, thi traân ling lang pônhroh pôm moâ hinh tômaên bal groâng lôêm rim cham pôlei lôêm chñeh teh 261,7 ha, ñat 92,5% glong pônhroh"
"Triển khai xây dựng mô hình nhân giống cam bản địa trên địa bàn xã Vĩnh Thuận trên diện tích 0,2 ha; nhân rộng mô hình sản xuất rau an toàn xã Vĩnh Sơn trên diện tích 1,92 ha; xây dựng mô hình nuôi thử nghiệm cá chép giòn  trên lồng bè hồ Định Bình, mô hình nuôi gà thả vườn xã Vĩnh Kim và mô hình nuôi lươn thương phẩm xã Vĩnh Thịnh","Pônhroh pôm moâ hinh nhaân adreâÊch kruoâÊi cam lôêm tôring xa Vinh Thuaân lôêm chñeh teh 0,2 ha, pôloêk saê moâ hinh choh jang hla nheêm an toan xa Vinh Sôn lôêm chñeh teh 1,92 ha; pôm moâ hinh rong thö ka chep gion lôêm kleênh kloêng Ñinh Binh, moâ hinh rong ‘yeêr xa Vinh Kim oeêng moâ hinh rong nônung thöông phaâm xa Vinh Thinh"
"Thực hiện chương trình lai tạo đàn bò, tính từ đầu năm đến nay, các địa phương đã phối giống thụ tinh nhân tạo 1.916 con bò, đạt 319,3% kế hoạch","Pôm tôdrong lai tao tôpul lômo, ñôêng kôl sônaêm truh ahreêi, rim cham pôlei jôh phoÊâi adreâÊch thu tinh nhaân tao 1.916 toê lômo, ñat 319,3% glong pônhroh"
UBND huyện vừa phê duyệt dự án nhân rộng mô hình “Nuôi lươn không bùn” thuộc mục tiêu quốc gia giảm nghèo bền vững năm 2019 trên địa bàn xã Vĩnh Thịnh,UBND huyeân anao pheâ duyeât Dö an pôloêk saê moâ hinh “rong nônung biê ôêi troâk” oei lôêm kôbraê muêk tieâu kôpal teh ñak tôjul dônuh kôjaêp sônaêm 2019 lôêm tôring xa Vinh Thinh
"Được biết, Dự án sẽ hỗ trợ 13.650 con lươn giống với trọng lượng khoảng 5g/con (200 con/kg), được triển khai thực hiện tại 07 thôn trên địa bàn xã Vĩnh Thịnh gồm: An Ngoại, Vĩnh Định, Vĩnh Thái, Vĩnh Hòa, Vĩnh Bình, Vĩnh Trường, An Nội với tổng kinh phí 310.852.000 đồng","Ñei aleÊâ, Dö an tôguêm 13.650 hlak nônung adreâch adriêng trong löông khoang 05g minh hlak (200 hlak minh kiloâgam), ñei pônhroh pôm lôêm 07 thoân lôêm tôring xa Vinh Thinh thoi leê: An Ngoai, Vinh Ñinh, Vinh Thai, Vinh Hoa, Vinh Binh, Vinh Tröông oeêng An Noâi adriêng pôting ksoâÊ jeân loi 310 trieâu ñoâng"
"Các hộ tham gia dự án được hỗ trợ 100% chi phí với số lượng 13.650 con đảm bảo quy cách chất lượng, hỗ trợ 50% chi phí thức ăn với 10.678kg trong đó: Thức ăn cá tạp 9.912kg, cám công nghiệp 766kg và thuốc thú y (vitamin, khoáng chất)","Rim uênh hnam adriêng pôm dö an ñei tôguêm 100% adreâch tômaên tôl tôdrong thu yoêk ñei, tôguêm 50% jeân ñoâ sa adriêng 10.678 kg, lôêm ‘noh: ñoâ sa ka tap 9.912 kg, cam koâng nghieâp 766kg oeêng bôgang thuê y (Vitamin, khoang chaât)"
"Qua dự án, nhằm giúp người dân hiểu biết về khoa học, kỹ thuật áp dụng vào thực tiễn sản xuất góp phần giảm nghèo nhanh và bền vững, tạo ra các sản phẩm sạch đa dạng, phong phú đáp ứng được nhu cầu, cạnh tranh thị trường, nâng cao giá trị gia tăng của sản phẩm từ mô hình nhân rộng","Kua dö an, söê tôgum aên naê ma baêt loi lôêm KHKT tôjung pôm tômöt choh jang pôgoêp tôdrong tôjul dônuh ranh oeêng kôjaêp, pôm leêch rim ñoâ uoâl ieâl ña dang, phong phuê tôguêm ñei tôdrong kôwaê, poâk xuoân giaê tri ñoâ pôm leêch ñôêng moâ hinh pôloêk saê"
"Trong 9 tháng đầu năm, Hội Nông dân huyện đã phối hợp Hội Làm vườn tỉnh tổ chức 2 lớp tập huấn về phổ biến kiến thức, kinh nghiệm sản xuất ứng phó với biến đổi khí hậu tại xã Vĩnh Thịnh và lớp tuyên truyền về phát triển kinh tế VCA tại huyện, có 120 hội viên nông dân tham dự;","Lôm 9 khei kôl sônaêm, Hoâi noâng daân huyeân jôh adring Hoâi lam vöôn tinh pôlok 02 lôp pôtho khan lôm tôgum tôdrong baêt, kinh nghieâm choh jang öng pho adring tôplih plenh dô no xa Vinh Thinh oeng lôp pôtho khan lôm pôjing kinh teâ VAC dô no huyeân, ôi 120 naê ma adring pôm;"
"Phối hợp Trung tâm Dịch vụ nông nghiệp huyện  mở 1 lớp tập huấn về kỹ thuật chăm sóc, phòng trừ sâu bệnh gây hại cây trồng vụ Mùa năm 2019 cho 50 hội viên nông dân tại xã Vĩnh Hiệp.","Adring Trung taâm dòch vu noâng nghieâp huyeân pôlok 01 lôp pôtho khan lôm kô kach tôme rong, phong dôt hôrong pôm glaêi long pôtaêm mua vu sônaêm 2019 aên 50 naê ma lôm xa Vinh Hieâp."
"Hội Nông dân huyện đã duy trì và thực hiện được 7 mô hình kinh tế tập thể tại các xã, thị trấn, cụ thể: xã Vĩnh Hòa mô hình trồng ớt ở tại thôn Tiên Hòa, xã Vĩnh Hiệp 2 mô hình ”trồng keo lai” tại chi hội Tà Lét và mô hình ”trồng lúa” tại chi hội Thạnh Quang, xã Vĩnh Thuận mô hình “Thu hoạch điều” tại chi hội làng 4, xã Vĩnh Hảo mô hình trồng ớt tại chi hội Định Nhất, xã Vĩnh Thịnh 02 mô hình ”trồng điều” tại chi hội M2 và mô hình ”nuôi cá nước ngọt” tại chi hội Vĩnh Hòa.","Hoâi noâng daân huyeân jôh duy tri oeng pôm ñei 7 moâ hinh kinh teâ tôp theâ lôm rim xa, thi traân, cu theâ: xa Vinh Hoa moâ hinh pôtaêm amne oei thoân Tieân Hoa; xa Vinh Hieâp 02 moâ hinh pôtaêm keo lai lôm chi hoâi Ta Let oeng moâ hinh Pôtaêm ba lôm chi hoâi Thanh Quang; xa Vinh Thuaân moâ hinh thu yok Ñieâu lôm chi hoâi lang 4; xa Vinh Hao moâ hinh pôtaêm amne lôm Chi hoâi Ñinh Nhaât; xa Vinh thinh 02 moâ hinh pôtaêm ñieâu lôm chi hoâi thoân M2 oeng moâ hinh rong ka ñak ngam lôm chi hoâi Vinh Hoa."
"Thông qua các dự án thuộc chương trình “Hỗ trợ ứng dụng và chuyển giao tiến bộ Khoa học và công nghệ phục vụ phát triển kinh tế - xã hội nông thôn và miền núi, vùng dân tộc thiểu số, huyện Vĩnh Thạnh đã đưa tiến bộ khoa học, kỹ thuật vào sản xuất, giúp người dân khu vực miền núi, vùng dân tộc thiểu số có nhận thức mới về KH&CN","Thoi qua rim dö an oei lôm kôbraê chöông trinh “Tôgum öng dung oeng pôtruh khoa hok oeng koâng ngheâ tôgum pôjing kinh teâ xa hoâi cham pôlei oeng apung koâng, apung naê ma kon koâng” huyeân Vinh Thanh jôh aên tieân boâ KHKT tômöt choph jang, tôgum naê ma apung koâng, apung naê ma kon koâng ôi tôdrong baêt anao lôm khoa hok oeng koâng ngheâ"
Mới đây nhất là dự án phát triển rau an toàn trên đất Vĩnh Sơn với sự tham gia của các hộ đồng bào dân tộc thiểu số,Anao ôu pôgloh la dö an pôjing hla nhem an toan lôm teh Vinh Sôn adring tôdrong adring pôm ñông rim unh hnam naê ma kon koâng
Sản phẩm của các hộ dân làm ra đảm bảo tiêu chuẩn rau an toàn và được tiêu thụ mạnh trên thị trường trong và ngoài huyện,San phaâm ñông rim unh hnam pôm lech tômaên tôl tôdrong hla nhem an toan oeng ñei tieâu thu deâh lôm thi tröông lôm oeng ôgah huyeân
"Hay sự thành công của các mô hình chăn nuôi heo, gà trên đệm lót sinh học do Trạm Khuyến nông huyện và Hội Nông dân huyện đầu tư xây dựng đã thu hút sự tham gia của nhiều người dân miền núi và vùng lân cận","Thoi tôdrong keh kong ñông rim moâ hinh kia rong nhung, yer lôm ñeâm lot sinh hok yua Tram khuyeân noâng huyeân oeng Hoâi noâng daân huyeân tôgum tôjung pôm jôh pônhoâm tôdrong adring pôm ñông lö naê ma apung koâng oeng apung oei jeâ"
"Các mô hình ứng dụng khoa học công nghệ đã và đang góp phần chuyển đổi cơ cấu kinh tế nông nghiệp phù hợp với điều kiện các địa phương miền núi, vùng sâu, vùng xa trên địa bàn huyện","Rim moâ hinh öng dung KHCN jôh oeng atung pôgop tôdrong tôplih cô caâu kinh teâ noâng nghieâp trô tro adring ñieâu kieân rim cham pôlei apung koâng, apung hlo lôm tôring huyeân"
"Phần lớn các dự án ứng dụng khoa học và công nghệ đã giúp cho người dân miền núi, vùng dân tộc thiểu số tiếp cận với những thành tựu mới về khoa học kỹ thuật","Trong groâng rim dö an öng dung KHCN jôh tôgum aên naê ma apung koâng, apung naê ma kon koâng oei jeâ adring rim tôdrong anao lôm KHKT"
"Bên cạnh đó, thông qua các mô hình trồng trọt, chăn nuôi đã đào tạo kỹ thuật trực tiếp cho các cán bộ địa phương, nâng cao trình độ kỹ thuật cho cán bộ địa phương và người dân về sản xuất nông nghiệp, nắm vững quy trình công nghệ về các kỹ thuật chăn nuôi, trồng trọt tiên tiến","Minh kôpah noh, thoi qua rim moâ hinh pôtaêm long, kia rong jôh pôtôp ky thuaât tröc tieâp aên kang boâ cham pôlei, poâk xuoân trinh ñoâ ky thuaât aên kang boâ cham pôlei oeng naê ma lôm choh jang noâng nghieâp, roâp kôjaêp quy trinh coâng ngheâ lôm rim kô kach kia rong, pôtaêm long pôgloh"
"Đặc biệt là công tác chuyển giao tiến bộ khoa học kỹ thuật cho người dân đã được UBND huyện quan tâm thông qua việc đàu tư xây dựng mô hình, tập huấn chuyển giao tiến bộ khoa học kỹ thuật","Pôgloh la tôdrong pôtruh KHKT aên naê ma jôh ñei UBND huyeân ngo hnhei thoi qua tôdrong tôgum tôjung pôm moâ hinh, pôtho khan pôtruh KHKT"
"Theo UBND xã Vĩnh Thịnh, thực hiện Kế hoạch sản xuất vụ Hè Thu năm 2020, trong đó vụ Hè 84 ha; vụ Thu 193,5ha. Đối với cây lúa vụ Hè, đến nay bà con nông dân xã Vĩnh Thịnh đã xuống giống đạt 100% so kế hoạch","Boi UBND xa Vinh Thinh, pôm gglong pônhroh choh jang vu He thu sônaêm 2020, lôm noh vu He 84 ha; vu Thu 193,5 ha. Adring long ba vu He, truh ahrei naê ma xa Vinh Thinh jôh jul adreâch ñat 100% pôting adring glong pônhroh"
"Đối với cây lúa vụ Thu, cũng đang được bà con triển khai làm đất để đưa vào sản xuất",Adring long ba vu Thu kung ñei naê ma pônhoh pôm teh sö aên tômöt choh jang
"Theo lịch thời vụ, cây lúa vụ Thu sẽ gieo sạ tập trung từ ngày 1 đến ngày 10.5","Boi lich thôi vu, long ba vu Thu ñei jul adreâch pônhoâm ñông naêr 01 truh naêr 10.5"
"Tuy nhiên đối với những vùng có nguy cơ thiếu nước, địa phương có thể chỉ đạo gieo sạ sớm hơn từ 5 đến 10 ngày","Maêlei adring rim apung ôi tôdrong bi duh ñak, cham pôlei ôi tôdrong pôgôl jul adreâch sôruoâih loi ñông 5 truh 10 naêr"
"Ngoài cây lúa, xã Vĩnh Thịnh còn có kế hoạch đưa vào sản xuất 69 ha cây trồng cạn khác trong đó gồm: 7 ha cây lạc, 17 ha cây ngô, 30 ha cây đậu các loại","Minh kôpah long ba, xa Vinh Thinh araê ôi glong pônhroh aên tômöt choh jang 69 ha long pôtaêm nai, lôm noh ôi 07 ha long ñaâu phung, 17 ha long hôbo, 30 ha long ñaâu rim loai"
"Thực hiện phong trào thi đua phát triển kinh tế, giúp nhau xóa đói giảm nghèo và làm giàu chính đáng, những năm qua, cấp ủy, chính quyền, các tổ chức hội, đoàn thể và các thôn trong xã Vĩnh Thuận đã đẩy mạnh tuyên truyền, vận động cán bộ, đoàn viên, hội viên, nông dân tích cực chuyển đổi cơ cấu cây trồng, vật nuôi, cơ cấu mùa vụ","Pôm trong glong tôjroh pôjing kinh teâ, tôgum adring tuk bôngot dônuh oeng bôm bôdrong trô tro, lö sônaêm anu yuoâ ôu, kôp uy, khul pôgôl, rim toâ chök hoâi, ñoan theâ oeng rim thoân lôm xa Vinh Thuaân jôh jôraê deâh pôtho khan, krao akom kang boâ, ñoan vieân, hoâi vieân, naê ma pôjaêng tôplih cô caâu long pôtaêm, xem rong, cô caâu mua vu"
"Bên cạnh đó các hội đoàn thể đã tín chấp với ngân hàng chính sách xã hội huyện trên 14 tỷ đồng cho 334 lượt hộ vay để phát triển kinh tế; hỗ trợ tập huấn chuyển giao khoa học kỹ thuật trồng trọt, chăn nuôi cho nông dân, trung bình mỗi năm  mở từ 5-10 lớp tập huấn, thu hút trên 400 lượt người tham gia; tổ chức triển khai các mô hình như: mô hình cánh đồng mẫu lớn, hình trồng ngô, bí đỏ và ớt","Minh kôpah noh, rim hoâi ñoan theâ jôh tin chaâp adring NHCSXH huyeân loi 14 ty ñoâng aên 334 maêng unh hnam vei sö pôjing kinh teâ, tôgum pôtho khan pôtruh KHKT pôtaêm long, kia rong aên naê ma, tinh jônum minh sônaêm pôlok ñông 5 – 10 lôp pôtho khan, pônhoâm loi 400 maêng naê ma adring pôm; pôlok pônhroh rim moâ hinh in: moâ hinh tômaên bal groâng, moâ hinh pôtaêm hôbo, puoâil ngoâ oeng amne"
"Qua đó, đã xuất hiện ngày càng nhiều hộ sản xuất kinh doanh giỏi, đồng thời giảm tỷ lệ hộ nghèo","Qua noh jôh boh naêr kang lö unh hnam choh jang, tech bôdro hôhei, thoi noh pôm tôjul ty leâ unh hnam dônuh"
